id,uri,nome,siglaPartido,uriPartido,siglaUf,idLegislatura,urlFoto,email
204379,https://dadosabertos.camara.leg.br/api/v2/deputados/204379,Acácio Favacho,MDB,https://dadosabertos.camara.leg.br/api/v2/partidos/36899,AP,57,https://www.camara.leg.br/internet/deputado/bandep/204379.jpg,dep.acaciofavacho@camara.leg.br
220714,https://dadosabertos.camara.leg.br/api/v2/deputados/220714,Adail Filho,REPUBLICANOS,https://dadosabertos.camara.leg.br/api/v2/partidos/37908,AM,57,https://www.camara.leg.br/internet/deputado/bandep/220714.jpg,dep.adailfilho@camara.leg.br
221328,https://dadosabertos.camara.leg.br/api/v2/deputados/221328,Adilson Barroso,PL,https://dadosabertos.camara.leg.br/api/v2/partidos/37906,SP,57,https://www.camara.leg.br/internet/deputado/bandep/221328.jpg,dep.adilsonbarroso@camara.leg.br
204560,https://dadosabertos.camara.leg.br/api/v2/deputados/204560,Adolfo Viana,PSDB,https://dadosabertos.camara.leg.br/api/v2/partidos/36835,BA,57,https://www.camara.leg.br/internet/deputado/bandep/204560.jpg,dep.adolfoviana@camara.leg.br
204528,https://dadosabertos.camara.leg.br/api/v2/deputados/204528,Adriana Ventura,NOVO,https://dadosabertos.camara.leg.br/api/v2/partidos/37901,SP,57,https://www.camara.leg.br/internet/deputado/bandep/204528.jpg,dep.adrianaventura@camara.leg.br
121948,https://dadosabertos.camara.leg.br/api/v2/deputados/121948,Adriano do Baldy,PP,https://dadosabertos.camara.leg.br/api/v2/partidos/37903,GO,57,https://www.camara.leg.br/internet/deputado/bandep/121948.jpg,dep.adrianodobaldy@camara.leg.br
74646,https://dadosabertos.camara.leg.br/api/v2/deputados/74646,Aécio Neves,PSDB,https://dadosabertos.camara.leg.br/api/v2/partidos/36835,MG,57,https://www.camara.leg.br/internet/deputado/bandep/74646.jpg,dep.aecioneves@camara.leg.br
136811,https://dadosabertos.camara.leg.br/api/v2/deputados/136811,Afonso Hamm,PP,https://dadosabertos.camara.leg.br/api/v2/partidos/37903,RS,57,https://www.camara.leg.br/internet/deputado/bandep/136811.jpg,dep.afonsohamm@camara.leg.br
178835,https://dadosabertos.camara.leg.br/api/v2/deputados/178835,Afonso Motta,PDT,https://dadosabertos.camara.leg.br/api/v2/partidos/36786,RS,57,https://www.camara.leg.br/internet/deputado/bandep/178835.jpg,dep.afonsomotta@camara.leg.br
160527,https://dadosabertos.camara.leg.br/api/v2/deputados/160527,Aguinaldo Ribeiro,PP,https://dadosabertos.camara.leg.br/api/v2/partidos/37903,PB,57,https://www.camara.leg.br/internet/deputado/bandep/160527.jpg,dep.aguinaldoribeiro@camara.leg.br
204495,https://dadosabertos.camara.leg.br/api/v2/deputados/204495,Airton Faleiro,PT,https://dadosabertos.camara.leg.br/api/v2/partidos/36844,PA,57,https://www.camara.leg.br/internet/deputado/bandep/204495.jpg,dep.airtonfaleiro@camara.leg.br
204549,https://dadosabertos.camara.leg.br/api/v2/deputados/204549,AJ Albuquerque,PP,https://dadosabertos.camara.leg.br/api/v2/partidos/37903,CE,57,https://www.camara.leg.br/internet/deputado/bandep/204549.jpg,dep.ajalbuquerque@camara.leg.br
73579,https://dadosabertos.camara.leg.br/api/v2/deputados/73579,Alberto Fraga,PL,https://dadosabertos.camara.leg.br/api/v2/partidos/37906,DF,57,https://www.camara.leg.br/internet/deputado/bandep/73579.jpg,dep.albertofraga@camara.leg.br
220538,https://dadosabertos.camara.leg.br/api/v2/deputados/220538,Albuquerque,REPUBLICANOS,https://dadosabertos.camara.leg.br/api/v2/partidos/37908,RR,57,https://www.camara.leg.br/internet/deputado/bandep/220538.jpg,dep.albuquerque@camara.leg.br
160559,https://dadosabertos.camara.leg.br/api/v2/deputados/160559,Alceu Moreira,MDB,https://dadosabertos.camara.leg.br/api/v2/partidos/36899,RS,57,https://www.camara.leg.br/internet/deputado/bandep/160559.jpg,dep.alceumoreira@camara.leg.br
204501,https://dadosabertos.camara.leg.br/api/v2/deputados/204501,Alencar Santana,PT,https://dadosabertos.camara.leg.br/api/v2/partidos/36844,SP,57,https://www.camara.leg.br/internet/deputado/bandep/204501.jpg,dep.alencarsantana@camara.leg.br
178972,https://dadosabertos.camara.leg.br/api/v2/deputados/178972,Alex Manente,CIDADANIA,https://dadosabertos.camara.leg.br/api/v2/partidos/37905,SP,57,https://www.camara.leg.br/internet/deputado/bandep/178972.jpg,dep.alexmanente@camara.leg.br
204571,https://dadosabertos.camara.leg.br/api/v2/deputados/204571,Alex Santana,REPUBLICANOS,https://dadosabertos.camara.leg.br/api/v2/partidos/37908,BA,57,https://www.camara.leg.br/internet/deputado/bandep/204571.jpg,dep.alexsantana@camara.leg.br
220542,https://dadosabertos.camara.leg.br/api/v2/deputados/220542,Alexandre Guimarães,MDB,https://dadosabertos.camara.leg.br/api/v2/partidos/36899,TO,57,https://www.camara.leg.br/internet/deputado/bandep/220542.jpg,dep.alexandreguimaraes@camara.leg.br
220554,https://dadosabertos.camara.leg.br/api/v2/deputados/220554,Alexandre Lindenmeyer,PT,https://dadosabertos.camara.leg.br/api/v2/partidos/36844,RS,57,https://www.camara.leg.br/internet/deputado/bandep/220554.jpg,dep.alexandrelindenmeyer@camara.leg.br
221148,https://dadosabertos.camara.leg.br/api/v2/deputados/221148,Alfredinho,PT,https://dadosabertos.camara.leg.br/api/v2/partidos/36844,SP,57,https://www.camara.leg.br/internet/deputado/bandep/221148.jpg,dep.alfredinho@camara.leg.br
220576,https://dadosabertos.camara.leg.br/api/v2/deputados/220576,Alfredo Gaspar,UNIÃO,https://dadosabertos.camara.leg.br/api/v2/partidos/38009,AL,57,https://www.camara.leg.br/internet/deputado/bandep/220576.jpg,dep.alfredogaspar@camara.leg.br
74057,https://dadosabertos.camara.leg.br/api/v2/deputados/74057,Alice Portugal,PCdoB,https://dadosabertos.camara.leg.br/api/v2/partidos/36779,BA,57,https://www.camara.leg.br/internet/deputado/bandep/74057.jpg,dep.aliceportugal@camara.leg.br
178927,https://dadosabertos.camara.leg.br/api/v2/deputados/178927,Aliel Machado,PV,https://dadosabertos.camara.leg.br/api/v2/partidos/36851,PR,57,https://www.camara.leg.br/internet/deputado/bandep/178927.jpg,dep.alielmachado@camara.leg.br
204353,https://dadosabertos.camara.leg.br/api/v2/deputados/204353,Aline Gurgel,REPUBLICANOS,https://dadosabertos.camara.leg.br/api/v2/partidos/37908,AP,57,https://www.camara.leg.br/internet/deputado/bandep/204353.jpg,dep.alinegurgel@camara.leg.br
226708,https://dadosabertos.camara.leg.br/api/v2/deputados/226708,Allan Garcês,PP,https://dadosabertos.camara.leg.br/api/v2/partidos/37903,MA,57,https://www.camara.leg.br/internet/deputado/bandep/226708.jpg,dep.allangarces@camara.leg.br
178937,https://dadosabertos.camara.leg.br/api/v2/deputados/178937,Altineu Côrtes,PL,https://dadosabertos.camara.leg.br/api/v2/partidos/37906,RJ,57,https://www.camara.leg.br/internet/deputado/bandep/178937.jpg,dep.altineucortes@camara.leg.br
178881,https://dadosabertos.camara.leg.br/api/v2/deputados/178881,Aluisio Mendes,REPUBLICANOS,https://dadosabertos.camara.leg.br/api/v2/partidos/37908,MA,57,https://www.camara.leg.br/internet/deputado/bandep/178881.jpg,dep.aluisiomendes@camara.leg.br
220707,https://dadosabertos.camara.leg.br/api/v2/deputados/220707,Amanda Gentil,PP,https://dadosabertos.camara.leg.br/api/v2/partidos/37903,MA,57,https://www.camara.leg.br/internet/deputado/bandep/220707.jpg,dep.amandagentil@camara.leg.br
204356,https://dadosabertos.camara.leg.br/api/v2/deputados/204356,Amaro Neto,REPUBLICANOS,https://dadosabertos.camara.leg.br/api/v2/partidos/37908,ES,57,https://www.camara.leg.br/internet/deputado/bandep/204356.jpg,dep.amaroneto@camara.leg.br
